<?xml version="1.0" encoding="UTF-8"?>
<!DOCTYPE suite SYSTEM "https://testng.org/testng-1.0.dtd">
<suite  name="Suite">
  <test thread-count="5" name="Test">
    <classes>
    	<class name="com.capgemini.tests.FD_001"></class> 
    	<class name="com.capgemini.tests.FD_002"></class> 
    	<class name="com.capgemini.tests.FD_003"></class> 
    	<class name="com.capgemini.tests.FD_004"></class> 
    	<class name="com.capgemini.tests.FD_005"></class> 
    	<class name="com.capgemini.tests.FD_006"></class> 
    </classes>
  </test> <!-- Test -->
</suite> <!-- Suite -->
